{
    "total_length": 2936965.054544569,
    "mean_length": 724.9975449381805,
    "std_length": 682.2629183119068,
    "segment_count": 4051,
    "node_count": 3959,
    "edge_count": 4027
}